Title,Description,CableSpecifications,Status,TagNo,Signal
MCC Type #1,"OAC, AHU, PCW",CVVS 1.5 4C,Start,CX,DO
MCC Type #1,"OAC, AHU, PCW",CVVS 1.5 4C,Stop,TX,DO
MCC Type #1,"OAC, AHU, PCW",CVVS 1.5 6C,Inverter Status,ZV,DI
MCC Type #1,"OAC, AHU, PCW",CVVS 1.5 6C,By-Pass Status,ZV,DI
MCC Type #1,"OAC, AHU, PCW",CVVS 1.5 6C,Total Alarm,TOT,DI
MCC Type #1,"OAC, AHU, PCW",CVVS 1.5 4C,Ampere,AI,AI
MCC Type #1,"OAC, AHU, PCW",CVVS 1.5 4C,Hz Feed Back,ST,AI
MCC Type #1,"OAC, AHU, PCW",CVVS 1.5 2C,Hz Control,SC,AO
MCC Type #3,PV Pump,,,,
FCU,PKG,,,,
MCC Type #2,Sunp Pump,CVVS 1.5 SQ x 6C,,,DC 24V
